force,intelligence,agilite,chance,experience,niveau_quete,equipement,fatigue,survie
37.454011884736246,69.81617140197451,18.513292883861965,51.908178513621806,5.234113674718119,8.447670298956726,67.2702994208898,28.651954892712293,1
95.07143064099162,53.60963663441204,54.190094737835814,47.9181877629731,4.939575981439996,7.8807501518924585,79.66813971913723,80.26403123529296,0
73.1993941811405,30.952761628632775,87.29458358764083,2.5642065806435688,18.125091610420732,6.1617605631001595,25.046789879249896,99.72378999036027,0
59.86584841970366,81.37950197069486,73.22248864095612,34.12478276261564,4.990923996990122,9.604424292507398,62.48740996069989,3.0026005329392813,1
15.601864044243651,68.47311725538793,80.65611478614497,38.019561878585705,5.43899452257262,2.804270639755625,57.17459831437487,89.73658657909318,1
15.599452033620265,16.26169393448913,65.87833667107174,39.88227808969005,15.187965248359275,1.9833778927865926,83.28303767882711,62.26305335986581,0
5.8083612168199465,91.09271844938425,69.22765645178525,58.017236922733225,8.9947968490108,8.6856577025988,90.60870604812605,97.33826191648211,1
86.61761457749351,82.2537242923169,84.91956515653193,53.360254672687844,15.534211139103624,4.952348349703735,1.2156771477386807,46.50095175264276,0
60.11150117432088,94.9799913291924,24.966800885918595,60.79050927934446,1.3073231512877048,8.622719687863544,67.40199190587927,84.73879305713737,1
70.80725777960456,72.571950838836,48.942496364314046,76.48832615421283,9.751423873467687,9.037811846758734,5.1835799119729025,6.239406859827723,0
2.0584494295802447,61.34151959357899,22.120944181960223,81.29857387160935,0.6722720036656527,1.562118342571643,54.88586650773559,33.527905007829574,1
96.99098521619943,41.82430362906189,98.7668007996647,71.81230762264944,1.2530640691070905,8.951182866874547,28.76327290436782,6.701653775120997,0
83.24426408004217,93.27284833540132,94.40593396866133,95.55236959549347,18.12874906688822,5.0348714983248,30.67765995221412,97.53431334790706,1
21.233911067827616,86.60638895004084,3.94268113685059,1.823258267636163,2.7849074223519033,5.59389240103809,35.29585034523566,81.69739072718367,0
18.182496720710063,4.521867010618941,70.55751725156884,19.57779856835461,10.648413645504341,6.639332599838892,62.12924490496101,85.25474212459704,0
18.34045098534338,2.6366974497252005,92.52483174156659,0.756287497814212,8.221912052014131,9.33744346057078,33.40499656687692,93.79652314338942,0
30.42422429595377,37.64633668780496,18.057534512733355,64.7474714154603,6.946866525176853,1.1720448498678762,73.26990505902803,8.510348611978536,1
52.475643163223786,81.0553330781833,56.79452305526295,89.8030548949987,17.99666691374545,5.291591214860354,40.45273855738697,38.55975925133334,1
43.194501864211574,98.72761293149445,91.54882975880419,24.34822965762993,0.43646793550979,7.189498381875046,6.835320030995861,7.103488904400212,1
29.122914019804192,15.041689110352818,3.394597858579884,92.70345447963066,13.275793723511782,7.5043626192840565,78.37598424841073,21.07931015500286,0
61.18528947223795,59.41307153521351,69.742026724684,6.026739028956085,19.267888684271007,7.232791883833972,28.5758324592706,22.936577703767234,1
13.949386065204184,38.08908566310215,29.734900737255078,93.44360268055144,11.20336366923684,2.2099161646730967,43.276687959926264,46.91072110475787,1
29.214464853521815,96.99143978146031,92.43961953765304,35.16226872396344,18.736449240661837,3.694560295345131,68.54438832219016,26.856216745364257,1
36.63618432936917,84.21189231357087,97.10582451653677,10.142082844921651,1.0451575857204753,4.228439728753122,33.2456157148712,10.09781068177611,1
45.606998421703594,83.83287047111378,94.42664891134339,48.58717591863256,8.375866381483227,8.239934869115544,5.658565614671563,16.749108909410772,1
78.51759613930136,46.86931597949703,47.42142166574638,25.677656772050796,5.203155819241023,3.508838851730977,37.39210470128136,14.727556355209092,0
19.967378215835975,41.48195023376652,86.20426509893134,28.487290196192284,14.616419299614595,2.8963446748048285,94.44485826943034,97.30767979122983,1
51.42344384136116,27.340707193070624,84.45493985350704,30.728996492628657,19.625941809944933,9.617032171342865,64.17343972985582,75.92925069184736,1
59.24145688620425,5.6375496650927115,31.910047324325564,80.30258978326634,5.130601248884956,1.07976956602122,67.1479148667207,96.7761465269562,0
4.645041271999773,86.47223762550531,82.89154741506773,53.91612766752545,13.083492029481489,9.980387701137804,63.22821536376399,43.974048650790856,1
60.75448519014384,81.29010091300776,3.700763471549262,31.130769915600364,3.9619526551948026,7.091391689716561,19.899213895943678,27.83684816626566,1
17.052412368729154,99.97176732861305,59.6269878482053,61.03337833109184,11.306605091432198,8.456223695042054,41.833386410228016,79.82931972091866,1
6.505159298527952,99.66368370739053,23.000883728770305,71.61506742231936,9.278649733766724,3.6515745671157385,75.09397983633183,32.62539180411468,1
94.88855372533332,55.543170560262745,12.056688577727881,27.262400073353376,19.44010659263074,1.1288374990035397,10.137289755315916,29.93833737053483,0
96.56320330745594,76.89874151805105,7.695320162920916,41.354910152535155,12.170545453929332,7.64082566705377,27.785277608971228,23.25059922078312,1
80.83973481164611,94.47657298824281,69.62887758781397,12.188609333694755,6.990127441736376,8.507301373006083,27.631910846585363,12.967897822423534,0
30.46137691733707,84.96473906774115,33.98749637680661,18.11493495346803,2.2819156977586674,7.664285187581672,43.2018927594506,25.646306101676597,0
9.767211400638388,24.734810174319765,72.47667715287615,68.11178539649828,3.024936574698691,2.285652585707547,98.0368740942185,35.53197484738877,1
68.42330265121569,45.05441353100935,6.535634079894237,18.143834769562694,4.506338599024701,7.7808513003127215,6.750254668382194,67.39942081457303,0
44.01524937396013,12.915941515149498,31.529033783061035,52.516338366706016,5.01933322680596,7.920305038968769,51.870099438059505,6.256484221945158,0
12.203823484477883,95.40510272587224,53.949129237533725,70.90462617224327,17.012321156822757,6.926864641030494,17.936468201221047,21.050693966534297,1
49.51769101112702,60.617463445088006,79.07231648389636,10.687692309474384,11.224455765650498,7.895043395160275,97.06765454097442,80.90236402916764,1
3.4388521115218396,22.864280550346272,31.875250293206992,56.73122196289035,10.467818227487328,8.613292957099588,11.33035047274642,14.692192358377076,0
90.9320402078782,67.17006844058567,62.58913764370091,25.656278370136377,2.2953774373843494,6.522437028137126,40.36010023615913,34.26451465225215,0
25.87799816000169,61.81282404578958,88.5977748236187,96.29268752375798,17.2027938669887,1.7974424257271115,73.78849848346061,86.46589218581401,1
66.2522284353982,35.81627180328405,61.58631881823046,48.35456467199247,14.456286064169674,5.388650287004898,70.45544280274453,15.492531114344265,1
31.171107608941096,11.355759219962902,23.295947475363377,80.59925497751581,1.3533672380000317,1.6988440120444457,42.272863689393226,8.27368356181899,0
52.00680211778108,67.15731955927996,2.440078155653802,55.022654215626176,14.156701944595373,4.667887279291877,34.652416795271826,48.45379950800108,0
54.67102793432797,52.03077009037933,87.00988739009298,4.341253285481916,10.870764346852921,4.663958402130649,39.76123785528706,30.24195112785364,1
18.485445552552704,77.23183917356393,2.126941085038714,63.31513755940223,1.634506914935565,1.5940885972621741,26.42762631586393,56.34083644838541,1
96.95846277645586,52.01635011119934,87.47016726841994,95.14033422066571,9.166012830573129,4.139384805725314,20.53329387067998,80.38048904834751,1
77.51328233611146,85.21815003185401,52.8937134027212,60.16118201463312,9.693925742600939,1.9989828891218335,48.303969755889,13.714848815274316,1
93.9498941564189,55.190683877448556,93.90676985128962,81.91888594267903,3.315490803265515,8.274116890083,26.853375606760732,58.0699084554285,1
89.48273504276489,56.093797153538624,79.87832357736654,88.42064633484078,18.913962940005646,9.529192233680236,28.746166489725013,50.550876038986395,0
59.78999788110851,87.66536026583451,99.79341105333374,22.807977194893247,16.99950742961324,1.6508482773214475,65.67560634745571,14.407878601319958,1
92.18742350231169,40.3482866212397,35.071181545171015,21.204483990822666,13.380446746582166,9.596036865625313,96.85373316998923,62.39984855289824,0
8.84925020519195,13.401522845064074,76.71882889311269,61.09809888509917,9.245911220012143,5.703189394030707,60.363720055937506,27.364041786077166,1
19.59828624191452,2.8782676313338973,40.193091360924214,41.10284698067047,8.235310831690171,3.696091101584865,7.697946706496628,48.78343185440125,0
4.522728891053807,75.5137255673619,47.98756203039088,83.98613028667204,13.019469343019082,1.6917586774854716,7.558361385406698,8.227232427706188,1
32.53303307632643,62.03095513534647,62.75054632183701,90.00231233980112,10.908637388138109,5.50561841263376,95.1423220845566,45.958405721362304,1
38.8677289689482,70.40797680992236,87.36771141863387,35.34213793027181,1.2454621176377123,8.150639900416738,29.729079030733363,30.646346804282032,1
27.134903177389592,21.296416150891073,98.40834691992951,23.687055897448207,10.250052975406634,7.363778295400284,9.206698608247542,82.23812111853543,0
82.87375091519293,13.637147558676975,76.82734138645182,78.05255152438619,16.12807234465679,1.4520341031757638,59.90445871503815,5.697872699736828,1
35.67533266935893,1.4544665667881929,41.77667821673337,27.48060355481361,9.18479755193916,1.6561165183111317,62.36487782902661,41.860727491832996,0
28.093450968738075,35.058755880659696,42.13570022770702,82.26143185136785,1.0391315510853683,4.625859543693734,64.85048201186882,45.8431424131438,1
54.26960831582485,58.991768685463306,73.75823015888915,42.37382536487628,15.725563987680662,3.6576144464314897,26.74020278575413,72.50060762991187,1
14.092422497476264,39.22440450997323,23.877714576830233,66.75498992914704,4.027275642719488,3.0914589075044305,1.5110684214475034,57.428757509021096,0
80.21969807540397,43.747492202372904,11.047411313139467,9.553531383466819,5.1724166977607755,3.5290404901784225,96.50153694544719,66.72123371941811,0
7.455064367977082,90.41586944937484,35.462215764077655,62.3859324676573,3.294127068645918,8.23134468967196,25.089304569110247,77.7049285651756,0
98.68869366005173,34.82554670233004,28.723899165408174,45.17676787372291,6.60430129742995,9.363052482686685,67.60262880525475,86.22029736581888,0
77.22447692966574,51.39894891598108,29.630812045599008,58.66084631754741,15.1350301137727,4.645924250748098,70.66298698787095,31.38754967224705,1
19.87156815341724,78.3653012741143,23.360775104990992,16.801420774486342,10.387717190078746,9.154999019192473,61.00074170794857,53.802270536390296,0
0.5522117123602399,39.65427823212701,4.209318963636188,73.68737449441821,4.097625483014252,3.8934613112309377,31.290739421364822,84.01080784391999,0
81.54614284548342,62.20867002278735,1.787393473341381,86.27970775432286,17.556601563040818,5.287932877094125,27.109625376406576,98.94511309650565,0
70.68573438476172,86.23637087467452,98.77223897360315,21.673980009077564,17.591637099030585,3.0342609803439977,59.76682827027031,88.95193110437631,1
72.90071680409874,94.9520623657642,42.77731337358623,9.571455552016172,17.41156850092014,6.7642843795825955,86.60956336116915,37.14672626243768,1
77.12703466859458,14.707348092903793,38.432664715968166,2.3638586046336396,4.775924227630785,9.81083003657328,94.67337289233956,19.516651721865042,0
7.4044651734090365,92.65876251614944,67.96472826930699,64.1971500443266,9.024786883619761,6.431437864390408,10.590580440375764,48.93925374065887,1
35.84657285442726,49.21162930795382,21.825388786506416,60.70940360887808,19.699793122817503,4.22032675702194,15.482861259771985,74.16414518360422,1
11.586905952512971,25.824438829895836,94.99611839502253,54.669741271407005,15.440249526199807,6.830357013914755,94.47362587830797,49.25690707532976,1
86.31034258755935,45.913575623826134,78.6345014415552,23.194709611597542,0.5433484245111964,2.106286106188488,73.65352283347926,48.31808633136685,0
62.329812682755794,98.0032575285477,8.94110023122595,39.09059959055147,1.304091825209841,8.997931722388588,88.29938248297731,83.82304210818006,1
33.08980248526492,49.26180939928696,41.75807757849284,59.4476335186173,9.278627536246656,5.527755557018527,20.263263413534315,36.14037790671863,1
6.355835028602364,32.875161028750824,87.91183075621647,49.67668588591694,18.184404117231203,5.0441476783567785,58.758587110940184,85.97946748116456,1
31.09823217156622,63.34008543167258,94.47320222914102,98.77855202148874,10.774035959054284,6.272783096081673,70.11395944174737,40.680480095172356,1
32.518332202674706,24.014561877819308,46.74015112498697,13.643975255673313,9.956250160685805,6.623054765104622,68.01118854469726,32.82331056783394,0
72.96061783380641,7.586332810866391,61.34113892107077,69.51445540475937,2.1094739991326117,1.6459822560386173,40.81516908666981,45.3989911199699,0
63.75574713552131,12.887972191064922,16.70339460920752,40.431876810429216,13.135602094485881,7.143554991010622,1.5394891691308477,76.24469586748684,0
88.72127425763266,12.804583895777244,99.11686261369765,42.819961492561475,16.44206321200451,3.177385122839766,58.29260568042631,12.600202786399429,1
47.22149251619493,15.190269351229436,23.16717013834434,71.75977656581762,7.608400150151247,7.4255736925593085,25.310153917960875,19.64192158720174,0
11.959424593830171,13.882717264941014,94.27317741351257,69.24361513243696,15.51223701850655,8.40281314945777,45.02542461428904,95.1444825663092,0
71.3244787222995,64.08747448032146,64.96466489923685,99.12559937021884,19.289533078016234,8.235626567972684,95.75810150838173,17.54916273813574,1
76.07850486168974,18.188008439914483,60.773679487885914,12.839428945412523,4.075329182553782,5.972508706671002,39.903531764243475,56.77273179310546,0
56.127719756949624,34.56672833238632,51.26885110165086,10.410964938416633,10.466592623894826,5.68152903079676,83.98016066644267,57.931446666193786,0
77.0967179954561,89.67884099060119,23.06698117177587,72.43388171287411,5.742759161691511,2.2858836520547055,18.854060574925114,48.96244620502448,1
49.379559636439076,47.39616402628724,17.652803200550828,57.83869170064091,15.857088380676787,7.978115353628221,67.24604980250288,64.47452485768186,1
52.27328293819941,66.75577385210272,22.048620907017536,27.416066655980586,11.55186731762315,3.4426844240204293,97.70069544389435,22.982672579761843,1
42.75410183585496,17.231987120162984,18.643826214425452,7.9419368988986605,12.691648351006075,5.470258805361519,10.189310087293679,55.266226777674824,0
2.541912674409519,19.228901880867078,77.95844735667534,8.565824959643054,15.958283192317882,3.5584668363476504,0.8319942227192012,37.21732552468971,0
10.789142699330444,4.086861626647886,35.01252591667301,89.41908746641182,7.919409453249098,2.2044552669972384,43.35827926326144,66.1667259629189,0
3.142918568673425,16.893506307216455,5.784267656339637,19.18673247187429,18.301801368140865,6.666019272025629,9.26254830513672,14.122354337314945,0
63.64104112637804,27.85903390319586,96.91026301408114,32.33715621155208,10.6605773449228,1.4889883134061344,74.83843496762313,57.08774168394763,1
31.435598107632668,17.70104842767468,88.37858849634257,22.6656402226988,3.15909645670696,7.7378071071358,91.45486638485589,18.52703553833237,0
50.85706911647028,8.87025337570556,92.77522831952129,35.49963058319373,13.91798236337605,3.85828115735005,43.402097270875885,27.86430631150364,1
90.7566473926093,12.06358711006008,99.49078226464353,6.942384274609337,15.865227008765089,1.001212237040368,25.871164215544095,21.87098003235832,0
24.929222914887493,46.077876803272574,17.38952492194873,51.90597909082704,6.335233541350533,5.6001622531350685,43.44033190066098,18.28377798688171,1
41.038292303562976,20.63337184057925,39.62420189026587,6.76125635922149,17.14358513997506,1.4216671767484281,72.3447817850001,82.5710951560667,0
75.55511385430486,36.42698610480755,75.82384757040913,80.03565078223616,18.122865095315326,3.4855260203880953,0.9054161580370979,28.570756766089033,1
22.879816549162246,50.34172708548569,69.60206180537922,23.3712081910433,5.538089747556178,7.362788387101445,58.945398948469716,92.71237818644494,0
7.697990982879299,69.03948286293652,15.389590633985506,54.00119146045106,19.67042945430444,1.5642065945967927,61.329168488737906,96.99265253451908,1
28.9751452913768,3.9312139841098936,81.58331249906178,88.00790875614582,2.8142305609751683,8.554046431204021,63.76882468959355,57.126046993709735,1
16.122128725400444,79.94103989090426,22.444057183666068,65.08773690471942,4.0403133680498,1.034379303927248,24.202207998087722,14.30011226657264,1
92.96976523425731,62.79003894909078,22.38176148226231,53.29577865513353,3.6844967847605226,3.2214148228171204,71.40527233781268,37.45482433795813,0
80.8120379564417,8.17590319488719,53.69744228934136,32.43337531153756,17.87979420015741,7.668136505368643,9.13914863317764,79.7732263348214,0
63.34037565104234,87.35786241067773,59.293993484170315,33.300191305819794,13.085851046499236,3.846431347563761,19.92703364668008,36.739072869707044,1
87.14605901877177,92.08724005318132,58.00862078378112,66.94869551981901,3.0420856644454575,1.9170314925941216,87.74700466544819,8.701721830278874,1
80.36720768991145,6.107795985486375,9.148683739775487,99.41393612211675,8.80646836736698,4.242105269203851,73.87231507265663,55.678491092818795,0
18.657005888603585,27.687764814720374,87.74608626303804,66.18391898493786,12.30596050139604,3.4335395774607296,1.3745554011345251,84.51208514960348,1
89.25589984899777,80.62012797930613,26.560004258870606,55.77834173700249,1.6692816997876658,8.584407119444993,24.83762603698002,79.59263871435024,0
53.93422419156507,74.82596903836584,12.951492128280417,73.06505102392461,17.648327368146774,3.8201312582662883,21.440648299316457,17.512314013035322,1
80.74401551640625,18.45210193563773,88.87480798689772,46.52056122837182,16.072070708830704,8.100392245984064,27.080632803697256,67.27646144124667,0
89.60912999234932,20.93493233367103,95.56514982297534,6.0142342600785215,10.104135471532764,9.026849303296613,24.755977027988642,22.05042634356471,0
31.800347497186387,37.0472102791382,86.21276172654507,56.22968158779098,19.342532305183408,4.904356776188766,6.252629574284574,21.820753455217222,1
11.005192452767677,48.45229851910213,80.95160747248781,95.76252845053801,8.355219585501994,9.189488294689529,45.894051659682034,87.40717733051852,1
22.793516254194166,61.825477153029595,65.52419806390218,17.530294235765965,19.682206380729955,4.395862485668736,73.27334747861651,24.966895274023017,1
42.71077886262563,36.891363956977244,55.08573706091393,69.00048908206658,13.35839997607254,9.676705748410974,60.67317247174364,26.32473465180112,1
81.80147659224932,46.25347161331479,8.698675991141014,20.093368865905646,12.693425465078828,1.8036057207301563,67.28716685980798,0.06533907612995549,0
86.07305832563435,74.74709381337566,40.845321307069874,53.582768447308126,3.3190979059157,7.183173398529185,8.114917853623915,87.06690341255177,0
0.6952130531190703,3.66832028905979,37.2688517012314,9.667644964671961,17.63855516609288,5.444326364112358,95.14907101767872,79.25948132091347,0
51.07473025775657,25.243694434402077,25.97537837603262,45.037093625818514,8.549793758412303,4.488839249100824,83.84918338430248,62.7328935090678,0
41.7411003148779,71.33495858845524,72.3420113688585,75.61633288952461,3.244668115649587,6.694406908737408,80.50903184956627,75.02657639388423,1
22.210781047073024,89.52068376871993,49.58757350787708,34.757152423898205,0.2521503995151808,7.334713824708981,82.29838050417675,15.20485674244918,1
11.98653673336828,51.167744211566614,8.104621590764793,66.4911724487218,11.19511367276765,1.0392694268527818,93.27105081327613,45.832359458757544,1
33.7615171403628,53.211348526531566,22.018320194981133,79.54499607897291,10.547992442453527,2.5025777987247886,54.42539661136977,35.121938734878086,0
94.29097039125192,10.717201133977605,68.32587636595959,92.71778194794527,14.387072447383172,7.417414455708868,20.02820178676259,9.37765262570165,0
32.320293202075526,44.741236682345466,7.613085949030019,23.464208185545353,17.805161060356042,6.997468722203858,61.678360785254114,48.61304852149241,0
51.87906217433661,53.261726645502314,85.12069140487687,39.931591580930814,1.5881316928605904,9.694427546158096,74.2881493667939,92.07396503426354,0
70.30189588951778,24.247050363472965,49.51465270139743,15.241601333041743,14.629929806807247,7.849340112257047,73.79173933540254,4.005911905069448,0
36.3629602379294,26.924323094938096,48.0586577326648,99.24835021583752,3.7482388819516443,9.556954369582042,52.14490241668801,29.14609134937939,1
97.17820827209607,37.728416310462265,59.24077846595176,92.70009679242953,17.163541063143278,7.322864513813263,6.845871933357806,20.754093620570345,0
96.24472949421113,2.007119777772637,82.46809659251491,53.99571302805596,16.38127027723312,3.6824698777549885,37.11129384301278,23.81466536656963,0
25.178229582536417,32.20791655831783,34.780920790219305,84.20332943764213,10.815875099710887,1.9482843002577082,92.07666084633573,90.84345518793752,1
49.72485058923854,21.144800699654464,67.80161525590636,52.09579772720422,14.20485597246623,8.03641477010442,58.4448909757426,46.806905423429015,1
30.087830981676966,32.74973521779147,56.5731963995791,62.35856880027597,6.287002263674967,6.797342993283243,53.83319432557134,46.62994129398188,0
28.484049437746762,11.976213181925122,26.70282701694213,8.912443211601662,9.423357978656293,1.433674111539666,26.885351438219352,76.05756424552823,0
3.6886947354532795,89.0527280739895,87.8629986355158,75.52704204968079,16.432737954209433,4.240454193108805,36.84489199165789,15.44922040049258,1
60.956433397989684,59.359245355404866,79.74260216069281,12.771348363523483,9.185303943464278,9.611198339358575,89.53460891531692,48.72653541000508,1
50.26790232288615,67.91023191444896,65.84518346584255,82.60676302525283,7.155965306508836,5.503610311391811,66.64630475268358,42.99852141210597,1
5.147875124998935,78.91712386073382,85.05817290942419,78.20280876703859,9.884248945005998,4.894562224177342,78.73870267523328,59.69106905466561,1
27.864646423661142,49.84421989290573,86.72942009598023,70.87446977429764,16.56498504874437,5.119296446433646,45.434542306765515,99.95577032504386,1
90.82658859666537,8.69202880874237,70.83629767150347,3.6160380524762115,6.704160947417455,2.8799445160464736,63.024721945615795,76.9448894082047,0
23.95618906669724,53.71065418185478,83.7013328363672,30.31283559453286,3.475231862714876,4.318364537783157,24.838360874320752,39.78657030174272,1
14.48948720912231,58.68411180208791,69.74714616692836,26.311256991084285,14.240280406615614,4.328319303884589,70.54608302834863,82.75530522740469,0
48.9452760277563,74.54394741843299,68.01407717603004,36.01364074715191,16.519564254161637,1.4711951816872517,42.76013337033373,17.070836331248017,1
98.56504541106007,43.16595462296794,61.86113782151843,8.764274676383854,2.0127495704706666,7.908108656661264,44.25455148147456,3.0463686308960125,0
24.20552715115004,12.758030279556376,75.27166395576413,93.69578230310628,4.7974822551188945,4.7485398871349105,64.93223245768817,20.444837246427305,1
67.21355474058785,28.377590579872447,15.86051052930737,55.38022407123763,2.839439795219878,8.39961898134781,93.62806214689266,34.041155611425964,0
76.16196153287176,36.30822963986351,88.08707591989284,30.552431065802356,6.9588282316433325,8.653132010079059,6.400634660862092,51.05807574595599,0
23.763754399239968,64.59172413316013,87.1843527745232,39.698151707428345,9.007019578108252,2.9079464922879223,82.47432373470076,61.51291405411998,1
72.82163486118596,57.077830466891186,2.9247283034559146,44.72025405048357,14.976526739266129,6.916181339531157,29.238311041219312,91.06057172144217,0
36.77831327192532,35.60967258978462,82.58167505647627,60.05943333606173,13.022951697633482,5.250536237466836,44.391945450637785,50.98540095504577,1
63.23058305935795,98.65152487929797,12.886986747344519,51.567942769649775,12.418571349568623,8.921410641293367,2.1913328775008956,50.127564462572934,1
63.35297107608947,60.577481935688716,33.51188542591419,91.93919732144174,7.047498932193088,2.941666112588087,30.1046077834313,5.024300982298213,1
53.57746840747585,23.72267917359945,74.35082562916078,49.696348290583025,16.8289510616952,7.100318802790398,50.26312426301305,3.491155265622381,1
9.02897700544083,10.178247262040374,16.07598960483082,99.21580148233127,9.42574334796329,6.469769100274503,5.617607734743901,55.11599619163721,0
83.5302495589238,15.285913918433202,81.79670241190622,85.14249577450957,19.58209876030309,3.6577132981464953,49.10957293831652,43.81786132483445,1
32.07800649717358,24.595772838450813,83.21341779577419,20.85105143573358,12.682842765914737,2.2294081328605535,92.71106288584274,83.91803949802986,1
18.651851039985424,16.06813732595557,50.746773376083624,93.05952146439162,2.5252948312900547,6.8647578442954895,10.539321810780521,16.067958471184518,0
4.077514155476392,18.656702405130577,0.638587171683358,11.636639788547608,13.523551241508681,7.647377123190976,76.44407280755044,2.49716621170496,0
59.08929431882418,28.50951686938471,28.703813317491278,81.74497084911916,6.50208030863398,3.84064609387015,40.967105337599264,44.903876793012586,0
67.75643618422824,17.33735952947548,61.69269183757422,38.06232934765801,13.726543933721949,6.803493436200824,65.5173714524338,23.74785567522575,0
1.6587828927856152,89.67654246264252,98.11861780274235,87.79743204450695,1.3928229632481148,4.556178168503529,26.023659798522935,4.961437333883745,1
51.2093058299281,8.023374566164222,63.18135270166684,86.80566901074504,3.4976287435191877,7.41886194954356,15.949226254135828,72.4598286847629,0
22.649577519793795,52.451138957025464,25.98035810641598,80.59254001176211,17.114745178115726,2.792937474046478,16.046261427122644,11.159299995724748,1
64.51727904094498,41.03968269896615,63.40057030996113,79.00304363070614,4.543591140470298,9.01193502372557,7.049194564314465,60.83195000077717,1
17.436642900499145,98.23786169086064,53.99853797158555,30.46791390980408,16.7408225048588,3.5866863681902177,18.564670490124303,28.104975016688915,1
69.09377381024659,11.203890216805235,77.98453951511436,8.091928305125219,5.585521769088208,4.310073889805376,66.42193849889682,17.3496050355022,1
38.67353463005374,39.785559904574164,10.698063882695841,40.29801787651615,12.857638201174153,1.522827568723148,88.16906118435081,37.97515229193175,0
93.67299887367345,96.94704332753689,76.1027902502028,17.35245149865087,13.883011470196621,2.0036099108914875,81.41256855911618,80.14457762229537,1
13.752094414599325,86.55071258939803,54.12665786761103,69.49510889024617,10.253095062901059,5.642757124410953,68.51343098744842,39.20935769045727,1
34.10663510502585,81.707207094928,96.29920038589947,34.609972653778556,6.106213533934626,3.4083340905517434,11.043186341110268,75.07696492110557,1
11.347352124058908,25.790282704493983,34.187216603868606,97.56102008599149,4.252887527421922,8.51932203167975,28.918744629594983,12.548629679915068,1
92.46936182785628,17.088758739006582,63.26218931339481,64.0972077345332,0.6637870912485244,1.1322404978945846,30.980687532246897,77.27714196650791,0
87.7339353380981,66.8643219924431,93.20281055100175,82.24805636343609,6.078928024814476,4.411846438047426,24.99569463976212,23.693332490664865,1
25.79416277151556,92.93759891275857,10.250972799067926,13.252467274184843,13.06325581062566,4.0361099209218345,51.50056597097231,67.73931298888728,0
65.99840460341791,55.67628930139298,93.72284872364511,86.20144822726226,18.766096368969652,1.1739486782584092,53.55538148796726,56.57815548409963,1
81.72222002012158,57.161268946989985,68.78857223008133,92.27571905133944,17.42408964526104,2.119315591004592,35.68859751711102,92.91447172116874,1
55.52008115994623,27.997909366028416,6.78370591051719,48.70619188189359,15.321295530706053,4.722784074267717,35.3789158736436,38.732251797531404,0
52.965057835600646,76.94929331919369,30.096356694681624,60.625293775097745,15.768946865065974,5.43578126002702,82.85555979060814,6.616518883444044,1
24.18522909004517,18.704374855752338,70.81720886452815,76.48098009029954,13.299698069519906,4.638607725293822,78.92928483196856,1.9155485551252904,1
9.310276780589922,32.367923640424365,6.73506014687717,17.483862726041256,5.20573715132006,5.778439105708845,30.779583168074566,82.6858560972753,0
89.72157579533267,42.54364386164168,58.217046017627325,50.25660764634424,18.143900614116596,6.356185074151134,91.37884438732593,52.473563766143215,0
90.04180571633304,50.7610378684455,34.588305695295674,39.86630277723131,13.414646238116681,1.0893143901505207,95.2815017002506,77.52440518349492,0
63.31014572732679,24.240973241508023,62.091551776747714,14.63739921622491,11.2088126196088,5.176856435081535,32.67425420300408,23.44256000115147,0
33.90297910487007,11.483682473920354,4.5742033812512854,36.753442229153144,2.2197893842696215,9.671493167988295,35.442494879305485,34.50837455132337,0
34.92095746126609,61.06200424416326,87.15368061523763,6.817230938549357,8.941110876128509,5.671290521165939,50.56341534219588,3.010387221131894,1
72.59556788702393,28.863055324025577,97.3488969177397,2.5811906949486985,9.207165424038525,7.097880407130579,94.11208125336735,96.14923245741122,0
89.71102599525771,58.123822142261226,96.88778552856915,13.516628915482276,17.291272190453398,3.8067747212519487,87.63194331423115,66.78679067008134,1
88.70864242651173,15.436271527420232,74.96518317429248,96.31151115891738,10.932964403755769,7.965922403374863,10.25679625835898,93.32050877593062,0
77.98755458576238,48.114010185481746,13.008624013063198,54.952953589501696,7.608010979408193,7.956293336885036,39.27307432714162,26.549640742907233,0
64.20316461542878,53.258943255158584,75.82631959290225,96.582216115322,19.536006570213186,5.69166442888725,55.33711897497719,61.146361122566084,1
8.413996499504883,5.182353682242691,2.458691645880151,43.2497878330132,2.2144118665263135,9.784124409512922,50.313247255154,67.84999682926379,0
16.162871409461378,33.660427819392055,2.2123551528997254,31.181613308525957,8.450968566238892,2.1299519328638805,19.38630679368927,31.754970025758844,0
89.85541885270793,13.441467693897424,32.36102191495412,50.61418628402441,0.8404935034281058,1.152528984006229,85.88167711681547,84.81092350156301,0
60.642905965958995,6.337497047276774,48.864319040466576,43.95116886329101,14.798082415338607,7.931423905813864,67.69407829968374,94.71614629002478,0
0.9197051616629648,98.99602323899452,77.04074178077931,10.566468426174392,18.361531043983014,8.264399836283943,83.79083748518036,88.48551176960044,1
10.147154286603211,32.235384497472296,68.32953766065052,64.08263146902063,5.600746591009789,2.0818650620851864,85.87642793494722,73.90669759393725,1
66.35017691080559,80.98744458546349,44.590270637674834,21.60381825095996,17.166833535982416,3.390245496627455,74.83558536657398,27.746467972495402,1
0.5061583846218687,25.464065476376383,27.362666628166586,61.95879548978296,5.844364609237955,1.1579712702996603,43.92106012497173,28.161604210563173,0
16.080805141749867,68.15027222239293,99.71245001577111,65.02010923981534,18.215403232878305,3.639777497025082,61.054675501542455,96.3360320446038,1
54.87337893665861,76.02278598896865,42.6181302235973,15.20248531286481,15.079238071935679,7.958276865268044,16.036540611974313,1.0284495935692028,1
69.18951976926932,59.56387406078443,45.13870243296755,6.134962711066816,16.09813553682877,5.6616447494132105,67.36454174749078,71.60499732421445,1
65.19612595026005,47.15761885501584,16.362382119166917,78.07615860684398,0.36013111200909,4.132860338514593,17.925325573928074,70.62461625552622,0
22.42693094605598,41.18409141472685,79.48095487499293,45.98004237693202,19.25620714148052,4.345653654156973,69.39495905101568,62.26895409497975,1
71.2179221347536,34.88682665429953,69.36822257814886,5.816379550547579,14.533419841406465,1.0121826314392135,22.959816075396866,99.01088460868658,0
23.724908749680008,92.95291442478259,22.07696127887604,99.48663171697672,6.095021907722666,3.698204748087123,11.755130015021997,31.187943576372522,1
32.539969815926774,83.06194077877291,8.238104561584269,5.778056099636664,16.58789329717694,6.8181286747413745,16.52844901429574,33.997186379324816,0
74.64914051180241,96.50269106665125,68.0499302074713,69.50352288585532,5.630423968298599,9.767749994347215,0.1992135219070268,7.893940294655555,0
64.96328990472146,12.429722348554472,65.45112142811352,98.36789252634136,17.455076791322558,8.623547442855095,71.87396178535302,44.27981365437375,1
84.9223410494178,73.08674752036443,27.32595269982093,23.918010421592562,2.2516078082387403,1.2123546818097621,73.24010490583791,26.10485262348481,0
65.76128923003434,93.83404568210378,95.08635622504103,14.224936868719617,14.073719549215916,9.087045442073554,51.493334991325945,34.338670217764424,1
56.830860333547164,18.123306616566015,15.105789178090024,12.138493942242889,10.813969532898206,8.048785719687633,16.13628010553837,83.45717902556277,0
9.367476782809248,6.6496267366777495,43.23348010426019,30.327514756759555,1.9306894039088163,8.023385112138824,8.355433751068976,93.54845135274957,0
36.77158030594335,74.11206492900591,94.36159201675989,10.10458110106467,4.83787656517678,5.121961831032143,1.912896643728701,18.573307200518563,1
26.520236768172545,57.44731131799119,41.97273169261223,69.2161341694132,0.2480807255462958,4.582047636590525,16.57481769652207,37.25089315534659,1
24.398964337908357,84.1828776758272,63.85259476640856,6.229179813006269,9.375359309290117,3.7262415594987335,89.08555349831467,92.8630562115394,1
97.30105547524455,13.97723766262895,39.75943979627943,50.94221281497897,6.0253052152000075,1.591253730589292,24.153684170168177,6.180846068922263,0
39.30977246667604,79.52673118598902,27.421520234867003,99.66968538529768,11.967149685955176,3.0541182714432917,35.42713272172156,9.236052811137851,1
89.20465551771133,20.162732004774455,98.39776479598282,81.39702695060188,5.944756154172344,3.2194327148022217,10.534548448133318,16.279098920622936,0
63.11386259972629,16.36559428657045,40.9334006315043,61.52194382310109,5.998382230139693,5.356693627391814,22.236130474817028,59.521283412687474,0
79.48113035416485,16.426579793099293,89.40992036791344,30.625362078661166,14.863863974632068,7.726999659370246,51.922457078020514,15.047227100599747,0
50.26370931051921,81.45747202313821,22.995460589108617,62.389583629163845,0.962856719567069,5.26428845558152,60.775268309565256,96.80763814507335,1
57.69038846263591,66.51972206962002,21.31047040250833,52.70414639116516,18.057899903839743,1.5206000450244455,24.535231416621105,44.671452725852035,1
49.25176938188639,52.30654247691193,3.113408288451136,42.60833838903715,17.04527748782363,9.620108208893836,5.773215922511721,50.15179603501664,0
19.52429877980445,35.88304841235025,65.1666825375885,13.071037674019948,13.35609366452813,9.48451887184701,39.10328691273987,24.66586158054065,0
72.24521152615053,87.72005408131082,36.852634372376116,88.66042152404667,11.864431402147686,8.066705888335676,23.420337092633414,47.09602524347335,1
28.07723624408558,39.244510742263536,86.4358249839637,44.97846488213225,17.846049962793046,9.921951114077984,21.955392322980195,66.19136326370115,1
2.431596643145384,81.65994394715771,47.32099066915572,19.462251182076507,3.706603590574289,5.900340995202367,95.98628027134552,75.11771369540428,0
64.54722959071678,43.91349085702184,96.81934279147217,36.77593508772896,1.5793832438165722,9.664915152278855,61.63004859257241,75.3868082709913,1
17.711067940704893,37.69444294249076,18.552551570312115,41.4129752528927,4.790203398190762,1.680445365550757,55.68784431720959,57.789111269408835,1
94.04585843529144,46.26797856696064,86.86231679556109,82.75378955668742,15.891565574003806,4.291126734352342,41.57751035233219,90.43597749938573,1
95.39285770025873,30.13778741641421,77.65968527917417,73.3614380561402,0.6934053345296665,3.0284314120608924,42.89443334301443,81.74078473061094,0
91.48643902204485,74.76093801762511,77.0921844644052,76.93048936413398,11.656136701669793,2.7624977572084304,54.090500383808084,75.70481146986255,1
37.01587002554444,50.27203900924791,84.47832281168877,1.1031264428647214,19.908750323826197,2.267226540034085,69.64298070361072,5.560552168046062,1
1.5456616528867428,23.22126951468173,76.10239909429988,41.615399817976154,17.113921876750787,6.60172277409397,70.21460961818295,0.6877962219649314,1
92.83185625877253,89.95745732745685,62.62203216314154,48.13441516353236,10.428913780871788,8.031896701725746,17.169390770544958,21.244727719547296,1
42.81841483173143,38.38912213732114,13.124487768238758,1.9192276823056686,1.2728181857328469,6.204685594783246,50.0112752076627,66.35235939134523,0
96.66548190436696,54.35528611139886,3.2526179491251916,25.98132087450342,16.627470287714196,2.322664386293887,41.195809503410196,41.119748888254584,0
96.36199770892529,90.6472110964547,92.08478478156869,76.0289823122135,11.97957016354421,8.300113929401238,87.05269662693841,40.24062592993117,1
85.300945546736,62.42379959139921,61.665031452073805,13.710970572899905,2.2986599411913367,6.723592364473556,63.14189212183764,88.45868882296138,0
29.444889206958567,11.689804070836407,79.65372909761763,53.531013145259166,1.877145696467124,4.493491355142959,53.25040664159818,89.55628481318388,0
38.50977286019253,93.98321236134751,48.152235151255006,21.52018720172375,18.19253638873185,7.067172659824567,11.539464217891737,90.91752640535857,1
85.11366715168569,62.770805307141785,11.730818896239448,1.2120774643893273,13.384005258761569,3.3391448131854955,60.56378893234115,31.38780765150273,0
31.692200515627768,33.49056146570861,12.518579220255043,24.12014575995415,16.58573598633511,4.106729876447894,11.720390568023342,69.10558127392618,0
16.94927466860925,13.927207266338726,68.55652872289714,97.58737549100537,17.579578005645345,9.257372588187913,33.720657556575205,27.163318127436963,1
55.68012624583501,79.4025189270296,43.030589489946266,80.15371118829896,11.435447040966444,3.6145405510427837,14.284196481433186,19.060983307444978,1
93.6154774160781,62.00727559285135,20.052472670033673,95.95766443210334,10.348927035100825,5.229894413421429,69.20736470243689,18.463245734736923,1
69.6029796674973,53.34610919763215,49.15945467414369,48.785404392636245,8.608548206419805,9.011270236564132,20.62521138361526,34.2107620863594,0
57.0061170089365,89.38925830509577,6.420893707513409,10.973619867750351,6.338931755822386,7.369492152407747,39.1859373188026,42.99576197798217,1
9.717649377076853,78.85972112245308,58.19714019143988,54.79594889736929,8.691919217174235,1.5598290354823248,89.56747776187787,83.09491710550684,1
61.500722669916975,15.167487973275119,26.899340443509768,45.43773345599609,15.477593114603128,2.325727398510733,20.431638339897027,11.98910934727121,0
99.00538501042632,31.172206779554823,79.75591006371882,84.4357082739616,12.03846862030263,1.0705743169472512,50.780506395877914,73.49258473948942,1
14.008401523652402,24.848913981446575,31.036195892357377,9.808258078424458,17.850465799096924,6.678296112062471,41.9271661166022,53.14549141893053,0
51.832965236373674,74.3946292572677,45.52201490818012,48.82411370217782,8.867600287583755,5.029060828693765,1.8124041045729733,28.794534267599246,1
87.73730719279554,3.353243473577938,1.1620539908100636,15.004866469398426,12.14179157437508,2.2084736581204796,79.27581135728128,49.281958453282456,0
74.07686177542044,56.98896848713165,7.244688779455888,32.467592689006,12.626151061839774,9.621407089510933,6.904590631459973,29.994206977702266,0
69.7015740995268,76.24586857406905,39.24935564066848,73.73570773877996,11.83394324612651,5.766937515510579,47.42550209769536,59.608195523830595,1
70.24840839871092,87.67656367617495,47.99388347171235,47.601812936876655,14.052675461710326,3.1770396470160027,56.06782949389499,43.38439228552442,1
35.94911512197552,34.20817487159075,60.00205481193037,37.58882851457693,4.748669367496126,5.505432140392368,62.842645661458704,16.440552907887874,1
29.359184426449335,82.12573046720128,29.166257870930323,39.44762785700353,10.247275550915813,7.11658299461597,68.86316293078755,11.658307455569672,1
80.93611554785136,11.063173695520723,69.49818861265426,45.94467684059866,2.0844960561669534,1.6861529617620803,25.327238352271507,54.66956820721302,0
81.01133946791808,84.64522917345182,86.01223971892045,78.50165438370568,7.690226552896251,3.472334335431028,0.9978776658449373,90.24130332861034,1
86.70723185801037,12.748866233198243,77.98509888933498,89.20846889402344,9.753341372425288,8.262689417955944,72.3443662354912,34.395768655768556,1
91.32405525564712,39.72872905603673,3.9618825348357145,95.53346865039283,13.04448519090945,5.136983833623951,53.56565993475786,73.30001072226231,0
51.13423988609378,79.72953657795536,48.0506947257829,78.6903386255295,19.01062105172407,5.919194278290654,83.61177032072487,65.8661354939767,1
50.15162946871996,14.991742734877377,10.493017841817487,31.540689574801274,12.013021330967117,4.895344019885224,82.13883629006943,93.1554914309481,0
79.82951789667752,22.92513952326415,24.204501586252746,68.81347060865421,14.871878323531195,1.395099483787046,84.33261677878832,82.09810172991409,1
64.99639307777652,72.22525683930662,98.66625932671465,43.760312405539196,10.125321189904055,2.4917480183814034,48.50946599795402,56.660525890546296,1
70.19668772577033,72.00365365460743,14.249554290151323,25.467062204605117,12.682080627526627,5.009874748677018,33.362839583686565,65.70304982341074,0
79.57926694361011,64.11476328852973,49.888815345135605,84.08715794259226,1.4186443226754686,2.8826691886713505,79.155820259137,89.83864665840349,0
89.00053418175663,69.39484444671,61.81557343181191,3.8426348962324997,5.08783161683694,1.4498112579371085,45.12941130292549,39.95187845869348,0
33.79951568515358,54.27244433475962,70.2464970544104,90.17619921354235,7.237061864102774,8.592846976466413,18.34421964034345,32.679470585777736,1
37.5582952639944,25.179905890695274,55.96486834869141,46.147746462473414,9.449867100130271,9.830732762477043,85.49740195614743,1.081108363519634,1
9.3981939840869,34.56959935039195,0.9770847419183659,63.72014768082804,0.9129749100476747,8.138285865970655,88.25598767723473,82.65510741914642,0
57.8280140996174,18.159771680142565,32.64613082439919,65.93539222057827,2.8004819510663537,8.684064295342004,46.63097561401701,80.0980700403365,0
3.5942273796742086,90.84505613336283,51.771164338471145,89.51177407065364,5.536286155826115,3.1777941728534085,7.569972730978747,10.445451810015138,1
46.55980181324602,58.339179476612046,8.786649914483336,63.66696821672073,19.430653818021014,9.645642779618798,38.782608991693124,57.68573811327003,1
54.26446347075766,40.08514167636399,35.06269312091808,61.39335847600618,6.626940142061015,2.7723313400808554,80.35376594626034,46.398169816688736,1
28.65412521282844,46.20058036441327,3.3203108791366565,6.665204056068996,9.64082116224165,9.562868293256491,90.17740285462287,11.870909550911147,0
59.08332605690107,94.72833396118153,7.857849715502074,51.84080219452041,3.9219542547678587,9.95337364569356,20.347274249759582,98.05682270607235,0
3.050024993904943,15.33514031160802,39.69232762015961,15.016900081704165,12.215601421515366,7.405505251714438,6.697361202527152,21.469588746335543,0
3.7348188749214417,58.62298320167972,13.271575404306034,73.74337687214856,5.613664310319486,9.830293586126396,87.73504531328386,6.723418009056115,1
82.26005606596583,50.5888678884466,56.75408482615582,51.22219208126745,4.1398515687685356,6.125858016103933,38.94049389788753,59.48473795019096,0
36.019064141126286,61.14542354346478,68.94649691372658,68.02277792083532,10.33145256891958,3.335876048584813,54.176096426756324,73.88666771330327,1
12.706051265188478,1.8110183820840509,80.05866991090829,4.167290060238427,0.11011598320841642,4.932962970990587,96.80658120507589,3.2443446047186963,0
52.224326005480435,87.21239089441515,20.01502442448101,8.479201604580322,0.15328065298450655,6.342048418409074,6.656472791422285,65.87176387270222,0
76.99935530986109,93.21182824836124,16.748258225906977,71.63233880626822,4.3813761820371555,1.6577340582431348,64.83180074520956,53.22918759514545,0
21.582102749684317,56.51331835892089,10.456784033440025,7.208433599867337,0.7344272500164228,6.601089381555215,7.410542257486707,10.326500887504842,0
62.28904758190003,69.66508238768922,63.64302495436367,7.12567277652586,2.1605150826138275,9.83060053086065,37.54689284665004,17.252387694636205,1
8.5347464993768,92.24993811772957,70.64757264869012,1.210847523488745,6.777212986775032,2.7109688480535485,80.38145451934467,56.79742973160805,1
5.16817211686077,70.72386343133986,3.1586144825642037,95.65013982994802,16.051713591596258,8.13335604659545,43.34722327556344,29.63576135132884,1
53.1354631568148,15.253904291426135,93.62122462436898,73.75083594590069,11.440972867386016,9.171089144016575,99.71823539029504,93.8315728651316,1
54.06351216101065,57.62883601668132,5.1971283651472415,35.32514085020642,10.253354519128328,9.493314335381987,55.905928494660216,81.87402294840508,0
63.742990149820656,60.67150463828559,54.12963353010704,29.65355812876552,5.869776464162433,9.641220439649025,32.11621526359535,98.3567206513663,1
72.60913337226616,42.4130671302386,70.90605194509165,34.97032297458495,18.635074388656328,5.693136748493248,22.011132590475313,25.967083895041398,0
97.58520794625346,73.64442356247228,87.09691237460856,77.46535311811819,7.940300824743833,9.795771171923533,35.05205342861618,96.9723632797977,1
51.630034830119534,93.43670147690149,71.40869321324278,66.13706110704143,1.7418553359154298,7.81579186420995,37.25332737595508,43.12338697915579,1
32.2956472941246,92.55685129067763,80.17280830697918,18.519556786746794,12.341330322356026,2.455042926132657,6.8713677723960975,34.751879531375465,1
79.51861947687037,45.08393714041321,33.94501925428061,17.410933533408436,2.276767869532028,5.29210095821173,36.95741994267732,5.034952696935324,0
27.083225126207424,11.323804584075525,81.48251137465122,9.839564971339732,6.904462856033842,7.464980578348036,46.423851973922496,5.276525785960262,0
43.89714207056361,98.48411989623345,8.011484638467515,66.03027197013381,10.148238774356177,3.22606284237175,72.27377522388046,69.20112559466547,1
7.845638134226595,83.88980864459342,89.48166560605276,76.43726622217359,17.484450493703516,6.765536651939986,65.6729484721608,45.79289944340279,1
2.535074341545751,12.466268120326685,54.75923761537362,26.5046428325004,9.870931606802372,6.999404311419573,70.87656552291543,22.65216260361057,0
96.26484146779251,92.08418826173724,81.72977699624937,2.094496103091281,14.045175320633286,2.464297694277093,0.8363681876857099,61.39703063252326,0
83.59801205122058,86.98963620621282,45.23182845183001,8.217166747642734,19.856336779981408,6.085767812074806,21.766739958053606,25.285811825011116,0
69.59742060936979,51.88380571260721,64.35776951965249,96.78600348450304,2.6297823979596324,7.944642198807469,66.16842883998565,57.76317543444226,1
40.89529444142699,59.127543574492925,52.640266093611324,29.544477747742025,5.49463051039039,5.490060980823477,48.398936817974715,35.92087469826903,0
17.329432007084577,39.90027038701302,73.15895217553319,76.92231478381336,7.891521511952928,1.1089280509849668,0.5313475668345946,82.3552226611819,0
15.643704267108605,5.476163882203133,8.162998203058958,62.46635688542638,8.436563570776627,1.0813462217136296,80.44946424318223,82.06961607667793,0
25.024289816459532,33.519724164590095,6.03520839905638,38.19396396528959,8.220421505310915,4.21326409573011,77.28095732903374,47.73503981224013,0
54.92266647061205,80.28534485980114,24.710323401014644,20.56872621955551,18.1522200511311,9.335746615886038,54.841916299356264,35.08191093350156,1
71.45959227000624,0.4632023004602859,15.954468011318834,12.138641815940643,14.280652889337128,3.058091016432479,6.646332577627212,36.25597965590946,0
66.01973767177313,33.34991716911442,87.17835665922017,61.50129680388666,12.158104281814076,6.709273199845184,76.65150495325847,80.57145256682179,1
27.993389694594285,39.81686935909433,21.92139873580443,77.4633780637788,6.187454357255642,2.998682836239885,58.37135877313639,32.8179482797612,0
95.48652806631941,53.73956029379229,97.58652558191314,64.39042535411306,16.475807684425895,3.8950299069359375,78.19599771579591,20.9059373706846,1
73.78969166957685,91.98556164127605,33.68957917711069,53.030213324915835,19.101210229699777,8.632378806413357,75.17469923958404,8.468834187530682,1
55.43540525114007,34.634599436596126,18.211791568869927,4.195122343163627,16.42396565100453,7.559752980429522,80.30020719578371,46.66931208844084,0
61.17207462343522,34.69532018962277,78.96985071424791,96.84887775943838,0.03130210382945808,1.8585934958188957,51.80080664046248,48.213209891984185,1
41.96000624277899,73.75012481097484,65.87077755008761,79.87141916545745,12.72802740366814,4.858318188877902,14.032451819351499,84.09087104029072,1
24.773098950115745,45.221794088980715,49.8195716453139,29.282203670096475,1.0227076288420145,1.26252787280738,67.11574733796887,22.123869644606398,1
35.597267865126156,22.460482293998197,55.53635509376312,97.99703293588506,5.152144406674437,5.328011319427081,62.04737850519706,38.099127366839994,1
75.78461104643691,45.24395161326934,71.92017782722638,60.18815896363221,1.1904940069554337,6.9619061053096125,74.22531871990871,80.8405738893691,0
1.4393488629755868,14.085702037979985,22.845474133129873,58.24226582072465,12.075909058987754,2.066523612383364,16.98810060507353,82.36236107489735,0
11.607264050691624,17.63869865062233,99.63339160567419,74.8073179429532,13.731798269852135,3.5999644501824912,19.497519990028923,38.46110759787682,1
4.600264202175275,49.83677727394797,97.4793162146783,81.17697880901376,2.2897527613181023,4.580529629519413,89.04095172193284,45.91240232866809,1
4.072880231897013,41.89254495045479,65.03256863469369,65.64786073315027,7.67677766089959,9.275779221904447,74.99777984520708,30.328589084928293,1
85.54605840110072,91.48459010681,19.954245092914512,12.809574636620003,9.124730179110841,9.939295138806676,90.82284887003229,93.2554878419312,0
70.36578593800236,36.23938991166331,68.02282424312914,33.82675059944984,7.381060435218332,1.4042016909605426,75.87153211639207,11.864376574158031,1
47.41738290873252,58.05883502780434,7.219840897917584,92.80836403260497,2.420500009703861,7.849071311458529,59.71553059903019,93.374942300147,1
9.783416065100148,63.22642879195304,3.0652502205806065,22.461561184385193,8.378955803749509,4.3455165976210886,65.41327370278736,68.38664518353433,0
49.16158751168324,1.3094456588333636,25.76828885112137,37.21670238375133,15.023560956168362,4.5321236760653205,88.91279239400099,53.15721526867312,0
47.34717707805657,66.35373720167107,46.26229567393163,43.2076882944196,1.4201532906651093,7.788384760123204,57.88067545119405,3.2659060784495875,1
17.320186991001517,17.803596686975144,86.82725054083805,43.940498969445215,1.603600281638069,9.265837889308678,63.239132432838744,47.55961918220083,1
43.385164923797305,96.10703174694551,72.7169069766308,61.29395824945255,7.095425836719684,9.558357350522936,15.647671600360058,40.774810500273226,1
39.85047343973734,14.866272775311295,74.2706521199981,94.30758377447076,18.834514232378503,6.194103274344887,47.39212201161027,16.121881197512256,1
61.585009805221645,41.462412372702374,42.54933344480754,24.069271183250496,13.371452934458281,4.214090433704525,71.6397111958099,65.6409603500657,1
63.50936508676438,8.534966807864386,34.59349925469629,12.150137630091805,13.573399133451296,8.087941772729014,27.09426983163654,97.11509073682858,0
4.530400977204452,99.68742518459473,37.10387629846027,19.747048985993732,7.238399816757299,3.2590124493607022,20.22541805245349,56.218881106452514,0
37.46126146264712,50.21950103312426,98.76495637360578,88.69249002092695,11.873215824170769,6.07666625950166,31.382680822441557,71.47532764439458,1
62.58599157142364,59.53850173200438,4.010919141248248,64.5810812655206,0.20262368055486757,4.227206153723858,24.150062799283344,6.845045256601678,1
50.31362585800877,6.7076477388427485,86.70314961224486,28.590678923916013,12.721920928190844,6.909679663370885,21.491263703639586,41.76669958169947,0
85.64898411883223,74.99604703991778,57.86754085723934,81.59469389686173,18.265738951524735,3.163590216041562,42.48508428680869,11.635848516449588,1
65.8693631618945,20.990559309558577,43.86154191895905,86.1369996363436,12.251469366896384,2.7243365116134317,90.78385138835341,61.27958355365104,1
16.29344270814297,89.80542894407138,72.52576604151365,84.6514338690278,17.473971869326903,9.264151780078933,50.705964673871826,93.84821582141547,1
7.056874740042984,20.513964048200716,48.666894142470284,91.89265336395545,14.479461109321877,1.916233146545832,18.792038081532304,66.17777324716386,1
64.24192782063156,19.068772066366655,87.34232380816606,25.224102017336158,2.411168328073805,5.5536211696143845,7.697166938087408,7.680304831442153,0
2.6511310541621813,3.654966784809488,90.07018640112585,75.50419287462783,18.049066145716836,2.9876750466670803,69.61561451379252,35.466620498508284,1
58.57755812734633,47.206694510999924,42.17209268734554,46.053949727414,1.3288768871154977,1.350369669931007,38.279876443638784,55.066337944085156,1
94.02302414249576,56.48411332626164,27.682779723505156,84.19985528900615,10.679349450955275,1.3241693646228376,82.18309465853592,40.320775613325225,1
57.5474177875879,6.570863942835237,59.23503285933622,72.84906771616131,2.8427424758691533,2.576995948952446,65.95107686407702,83.36440104751723,1
38.816992620652194,77.55276166950105,91.2363345616691,77.64474464997247,0.2341322146180813,8.800933190554002,79.62414505413685,81.46710047099891,1
64.32882184423532,45.32888347480276,21.066218900566657,65.61618376810715,8.44068520255278,3.54230869579324,27.194603941844875,61.183102010322145,0
45.825289049151664,52.439026932758004,62.296658356348274,17.742876946970686,5.900814153083125,9.554132535177661,69.2358922461058,37.345794513270526,1
54.56167893159349,44.07627469382282,63.156022009252055,54.502691889693835,9.72000987595206,6.234600636902742,26.406198469371876,25.533637376324414,0
94.14648087765252,40.0763060875326,73.3113022415281,98.46697395245081,11.543997734691017,4.929527707918895,93.90684794502916,10.587431821312931,1
38.610263780077425,55.96403313082179,13.15676851272598,93.73880664971189,0.8747814461789472,6.220799512025091,63.63742815333744,35.4897683486554,1
96.11905638239142,15.52402459307125,71.58249646820886,4.317373579701167,2.4600659024749127,5.65028546703641,32.451180017534206,41.31725172077195,0
90.53506419560637,18.19281304952711,90.9032520665641,16.481481572943714,11.172847929008507,7.828986283815927,26.951186229227265,67.58229251040736,0
19.579113478929642,86.17856210135173,17.968310887024195,13.172877345456191,6.863347063453165,3.5424645937556702,19.09265850716435,65.81598242975734,0
6.9361300875165455,94.61154621336327,23.754332492387764,72.59799099852955,14.58346975098896,4.177453524402722,69.46409588937279,7.0108139641256955,1
10.077800137742665,37.330931627975296,97.13950940416396,81.77853298569451,13.045832971838793,9.046848722799256,21.87156129979273,39.525931543115775,0
1.8221825651549728,27.074467314355378,18.097695270948975,21.35113663106719,16.912087259798135,9.518108618353649,59.53032659274891,18.177886721736193,0
9.44429607559284,64.39995432390158,85.4385093369579,50.5852692951829,13.849856533384505,9.033024047378271,26.463502692535734,15.68127053168057,1
68.30067734163569,40.87341710980964,49.227785644803475,84.07030280112,8.598621547802964,4.775031945615822,66.19689447938686,82.73021497372459,1
7.118864846022898,2.538635566034486,24.723107440317705,73.28015447662506,13.459332447888649,8.023289527061936,81.49397285405392,4.191521671625753,0
31.89756302937613,15.615259736619036,87.07499012725114,54.223720549184826,5.50762348510837,5.287021599709889,77.80252431446532,41.91828759021213,0
84.48753109694546,71.59722288473975,44.53052550026655,59.03476904587729,6.126269975564254,5.477858669314919,76.08513309307817,16.82036557665182,1
2.3271935735825866,65.89239419101514,51.48173539296902,50.83605469162799,15.779703198415866,2.8421209815155555,18.772240569225207,87.9330215678474,1
81.44684825889358,2.709599250348349,35.92333693997657,29.754845131882057,8.928390328031643,6.320172729326648,8.838494698451871,55.704051327503514,0
28.185477477339994,22.197216193294945,59.29508514349274,56.50219928590161,15.96760681036705,2.6752230797801313,69.89488284873856,23.1380636376848,1
11.816482762165625,23.10747965880714,16.352387258502276,68.88853020500906,16.44844747336557,3.984082291604744,36.83472137943513,50.24272871663764,0
69.67371653641507,67.18927435987284,39.10815366517607,87.33229158608077,17.151246753225674,8.695271814579417,43.23462264033473,73.14863597031159,1
62.8942846779884,1.9710537754364155,96.94123223352875,63.629135397924806,18.332704716824146,2.863682282897697,3.1149092793391064,95.81180089194338,0
87.74720135270529,10.410858198457385,25.813343270112753,76.1121537043158,8.619704410265925,1.6404245665608954,25.95764492750492,22.044600424541894,0
73.50710438038858,79.99160853731894,65.67366645412922,16.0071634954573,6.377336366422776,1.6210683335153466,3.3676403874464023,88.61817721293451,0
80.34809303848486,17.85446620543336,32.51900642246949,46.15574744197899,11.643974931882276,9.46706068452797,87.91857726012476,93.43041141674902,0
28.203457257130648,65.27461078518748,77.34731256866006,0.9331619827093296,7.423448468752552,5.562283941656512,24.339668321853047,91.64205445320663,1
17.743954377972283,23.81827810467265,13.087366071834982,24.667886452162303,12.021483336004659,4.684708646353165,55.73371695730081,63.54143568619099,0
75.06147516408583,9.944139275934516,96.98210450785447,72.64617151130048,14.111717252876492,8.297907229071265,3.897932066113041,62.982065443470766,0
80.6834739267264,24.317219099945408,45.37895413836392,99.18099513493634,13.768100369842738,8.522433351194644,66.6847391305658,40.32106331838228,1
99.05051420006733,72.22669318556592,23.605046334646396,9.917809958721591,7.491057740402427,3.9897192980404412,32.30273457540939,75.23978823037879,0
41.26176769114265,85.56964681062857,7.349674733001265,40.14943158612883,3.3372040339750564,7.242562517264157,89.79191869576658,53.12940183509319,1
37.201808579278314,83.02198645669915,16.975790508754073,80.00709686991596,8.61058676924415,7.940105342666979,88.81181889340358,67.74380712282945,1
77.64129607419969,39.71835296184548,51.977394855601766,20.403563462889885,2.8518828816381747,6.891856181793591,32.529061836174776,42.84579038487954,0
34.08035402530179,66.80851365706462,33.70031764312863,55.50849493022862,17.801940703676166,2.3643556732008943,90.09608956904678,73.14964640431391,1
93.07573256035647,20.498429541582098,82.88833658826094,73.30712960296748,6.917549214757148,8.882947751653514,99.61576734987788,82.4471517604549,1
85.84127518430118,29.314773026101328,43.08875236618059,61.5985450260179,3.0891949444664757,5.851850974624078,82.5415664123948,14.64362566028161,0
42.89940273750184,89.63358185211197,24.871427258762992,18.802473461541613,0.5089551981150175,3.542251837330033,84.4871347755229,83.2929715574228,1
75.08710677914974,1.3001923510736035,61.714498660403,35.538456868573945,12.916447725729686,4.827053668939245,24.90087361090899,54.029653179030724,0
75.45428740846823,8.550853085446807,70.67772168854458,78.37917844853972,12.738046349094866,1.3381398135901663,57.67023988577563,84.46659090902243,0
10.31238688359326,20.78862551460273,16.704190790094987,55.42265141320166,6.812083331625834,2.150801211001758,6.725591396736785,43.13017063410146,0
90.25529066795667,2.6532203873819715,16.761921628831765,0.5229613542912737,1.4342377769530201,7.8899207546427474,9.491793682166971,37.904048538303506,0
50.525237244785714,18.143543508979732,3.667142693354297,76.09907600280938,8.192577897904641,1.0001047127982954,99.88926120332906,91.50607325172224,1
82.64574661077417,58.304156096969216,73.64020150656405,3.531135494023907,6.224349901267871,4.749092456340629,32.663924942591095,25.11692675484013,0
32.00496010306117,42.1424550592498,66.38045276218051,74.57337827312321,13.542412794700187,5.702591629770296,74.81839120488463,84.42123252861431,0
89.55232284962005,89.26717110769748,47.46308757498139,20.24805601652374,12.115584989053808,1.4917097800087507,80.66650530268164,48.40205725094041,1
38.92016787341631,81.7443561738441,84.41704489691972,95.80734801193802,7.2918745639508,9.757703466750996,85.80232710072292,51.40954425512597,1
1.083765148029836,34.1817351697876,80.56701529500532,36.79407513020845,4.357851085099802,3.0351279812470473,99.76282974021565,30.8468281489484,1
90.53819764192636,25.94234334312925,58.535436439675216,32.69316163380791,19.760719323111836,3.7377884767265277,24.149648525686786,57.30422006190157,0
9.128667678613356,37.96924081672669,86.82712805132586,14.888805033244468,9.080032423922297,3.735482610295246,4.035082685969971,32.52111962762113,0
31.93136375904149,59.02949425148078,20.584121003676824,30.560421549021488,13.76548471560474,3.073749959056149,41.1191517994586,3.926941424165231,1
95.0061967050805,26.806364082287626,11.191961939772789,87.66507618282006,2.8110593515672155,1.0132643987768026,13.008066982894695,27.199860534435604,0
95.06071469375561,62.4148907849134,26.974961151698963,99.63343376272474,9.711793993187957,7.564103146791967,2.2425889162055124,0.6379043406590679,0
57.34378881232861,40.941165219124045,5.708685608931486,36.83095305068483,0.5507343973893097,9.701609498193568,36.04268271414861,97.83547870568566,0
63.183721216979926,55.204718085198024,53.1169528001032,44.861063095454256,10.109102358208998,3.0186413495654056,78.37382510752364,96.57472098197475,1
44.84455219783198,43.61265291353167,93.66056922949615,72.2070938202737,19.280348142354047,6.967424726230802,56.61806912250709,39.5155297472305,1
29.321077169806454,29.44657595419177,3.9343540668509647,88.61957804650746,7.6841342597160045,7.677066942628436,31.277798921035405,72.8370854339646,0
32.8664545369916,94.84533069621567,12.21099140100268,59.304433418678414,0.7799202514982317,8.635828411814723,65.43420054927196,34.580609841042495,1
67.25184560770384,76.36057941597608,45.21990282834353,39.15256981778293,0.6191158183868706,4.803662773122483,23.20181803088107,67.1093157085976,1
75.237452943768,14.011317576645254,93.38750175279048,41.262184084862376,7.75973519893739,3.726378150763863,1.4381446072085025,80.54300430459791,0
79.15790437258485,86.84679758979128,31.61561049767505,69.56181464968068,3.200498729263881,3.92765620620728,76.43533864364274,94.67562446922408,0
78.96181427945538,48.743119824951364,50.723480868839246,0.32182636042786816,0.46704192656371823,7.413591997886615,62.374308486400906,40.0212275849672,0
9.120610304869036,89.45522268940914,4.15728590503921,61.95893374598407,15.124272279003536,8.351015198550725,76.23026245009599,78.32979829560477,1
49.442030470258146,79.98552559473153,14.834320096208886,35.54930104413574,9.170460177637814,2.6345257098094237,3.893801668766561,26.59284506321188,1
5.755876001664428,42.52135044692334,98.66301229588468,79.41973312770843,5.7848954394530905,4.338469073419887,83.71196278306522,99.03323037936484,1
54.95288823237355,2.24693083201174,96.51186964360456,9.299063982313216,18.001663660329616,9.11746177074235,61.95262000363033,2.5769598764351143,0
44.1530501373377,26.867735938494608,0.49399809344096157,58.82022669483905,2.322779204010512,8.260241677252653,56.33953507126401,60.3528806501121,0
88.77041827582998,54.16342146608669,95.18117854232389,48.09728898861238,19.118376579106386,9.863725624862283,62.46140481145316,65.95059816513272,0
35.09150125520787,63.347821982614725,63.91199378155004,64.23255259052274,6.279334347547056,7.788234337138727,86.4433246868364,68.80455570741289,1
11.706701642760587,25.788768543320227,86.79182945200222,6.485359448296835,17.768073446173624,4.5387568092513,58.69365065589071,12.038757878908902,0
14.299168205283586,13.935607407282413,45.47398556338591,57.99837874281313,12.05885752958923,6.31574050595174,58.095037988817936,93.85297834731304,0
76.15106317174723,83.4930236799299,51.55960285792502,56.14845879595237,16.53414719482975,6.949128288225882,99.06791570657658,18.11832790500828,1
61.82180633162611,98.44021807035521,48.88465802569202,56.06600944161709,19.680263264209287,1.7061023468541157,75.6730167068568,62.27534032398411,1
10.112267612279025,52.56901823026858,66.68642575461044,60.34876665964548,5.7681087563749145,5.900472631934786,44.22938054511353,22.267607912308495,1
8.410680611499743,17.16792858483035,13.96512547563129,67.64679372263622,19.22270970815186,7.383887456253486,70.73970000329277,30.72164170212709,1
70.096913145912,27.230732651936897,2.9973589872677953,80.49889996807697,7.789637898048407,2.505891736009543,38.92304716917885,54.645854172812435,0
7.276300636419353,1.8390676547466733,30.79299415911909,26.982072012821433,7.710238094738447,8.025685456830015,22.8875462483499,41.719341856457646,0
82.18600592903562,91.4298806560499,70.46807627366466,82.5049410180062,6.807742085090114,6.253955024627005,59.68518768877594,16.02256009765063,1
70.62422271564962,11.775108289014113,20.185345212294838,49.82556822634536,10.828152146951703,9.569996071278352,92.81820981139515,17.093640242084827,0
8.134878064189976,57.651647551425356,67.34324333249174,7.705827913433117,3.082900863569742,1.3818006838620254,92.91395200154628,41.814478816279966,1
8.483771408519193,27.4055220687206,96.99120461072704,5.85509292439792,11.074229707160224,3.3879352379992027,34.19052781054903,75.72829782755008,0
98.66395785011754,55.417800251579344,9.39007157894184,33.42383186960608,10.83409624820008,6.413984913698417,52.7677466221695,89.79646468477885,0
37.427079575612034,65.14203883518643,67.26021182251263,78.48969771114676,15.2380362520974,3.669039209853376,21.16358985698612,8.412766225938284,1
37.06421470668909,82.97418037072016,44.375021930457116,70.76809347409157,16.67299923875171,7.42981747664118,99.56311094988834,39.310390755940105,1
81.27995672575025,20.64212717606032,86.81422543775054,78.86149646724064,8.808827006248482,7.831047542697379,98.11179078679358,10.024556372287662,1
94.72485773838586,1.0995828658480478,17.71497894473859,51.72690564416094,6.0466649870298745,1.9226436765982702,64.95089297074473,1.6592480632597884,0
98.6001063822871,13.688563006880727,69.26259522261645,44.01989979554906,5.186697946341889,5.624690177860909,80.44140596774734,66.17186826439566,0
75.33781852589416,90.00186418481051,83.81152896481102,14.745252670628394,3.8924767340974387,5.580015000319503,71.51001612837,60.24494419665878,1
37.62595855309158,87.38900775625153,94.46142194740233,32.81927536093116,1.1529516439804977,4.3235269319398695,59.31582190394682,16.301911381488623,1
8.350071669866876,59.74131021703083,68.32480282896458,43.40193661738753,6.848959576694266,9.396323763127048,5.3347996988897695,23.38128330930641,1
77.71469159274368,60.051686043365336,49.71747640084273,8.860042967961723,5.404953842615665,8.44755687885899,45.476434255266106,2.370775364451838,0
55.840424973580504,66.50366745462554,61.78472402012139,22.061195271121125,19.328347717328146,7.274884437186731,67.47863021674105,83.49472056944037,1
42.42220092469763,17.53712786234496,86.89049844787182,59.82252940637388,11.154176525000878,7.428939721614978,67.75316138836847,97.46905960485515,1
90.6354385094736,91.44119459249598,57.060974663882966,73.56631142391899,6.945540780610151,5.1554452943180715,37.31226184223836,13.545953679469081,1
11.119748230615134,41.87705248920731,3.038705969683686,99.83475113929497,11.60935201987392,9.288950689869182,94.16919866580305,23.147521376529813,1
49.262510429085914,38.31385282494975,93.09486955069778,93.31133313435576,2.78393402691391,7.251358845279569,16.7357032236781,86.8409523946934,1
1.1353644767419069,51.89177052828376,68.95267510315611,64.25651995351916,8.880874984044059,7.560829554902348,50.03594462155606,92.64637979561849,1
46.86606419941263,4.696596677505505,67.65133857772466,42.1248053294072,12.524686428421276,8.755218134086107,69.08839765508228,41.96273828068103,0
5.630327568183735,16.628336875607943,21.567515239771716,63.617736470823274,9.777956635849028,3.4666443040797192,69.71358058918092,5.062247226907413,0
11.881791626807193,73.80336164263704,65.88854702326572,78.56516180802319,8.035576013086486,8.263638134800328,64.86389567688155,3.93918336928194,1
11.752624677710488,8.279866792512646,39.386440565415846,11.833619092338733,19.876967777993965,2.7571654266084282,27.528821345186017,57.39498660690104,0
64.92103021160635,60.31521094663882,65.12329770414921,40.99048896962883,17.60629524297854,4.1080775702039904,15.620656868662197,39.2895108893179,1
74.60448792654233,24.534910968132095,10.659303030799073,83.98022856356172,12.468119163188803,4.020494088428585,63.594032682671084,2.8652427577654516,0
58.336876509715964,38.929561404197656,65.7845304603036,38.3832951933044,11.387547223645655,9.806729215502266,59.930211613943776,58.32523923125568,1
96.21725484745419,28.869373677069987,99.94137257706666,57.18722712271865,12.413209596491681,8.708835013731342,17.935601028924097,1.1302536589022472,0
37.48705795237041,35.567271646494916,4.821203886055603,58.77693608621982,4.0262421564486655,7.310528754312338,70.51391455705634,78.73719581492729,0
28.571208628186074,71.90459051842456,97.71741842213173,18.447625313363936,7.902754865286372,7.5435108545385114,45.51719917336564,30.643282270337156,1
86.85991281894603,29.7121715623175,40.690796072287064,36.22354416522884,0.7891906578179864,6.05865514962314,66.7760591603153,4.02580030092321,0
22.359583851945263,56.64046402968972,87.07534503372591,33.451128874193216,9.510920749736533,9.523816003976671,83.73670797701507,58.835222098315334,1
96.32225394406113,47.60504021990997,78.23854840582734,2.6196708532064794,10.860491679153263,5.466328775941254,16.972842857692317,39.76844144330547,0
1.2154474689816341,66.36711653626482,56.70162609866678,2.4191763891355245,4.554994722064192,4.424659388829051,1.9144867996836679,97.38004133571495,0
96.98788267076391,93.6829739324758,73.84492092513266,83.16970436757735,19.280576943310276,2.467318032384319,77.91025863957867,54.41986625037022,1
4.315991195057611,73.25720972102503,87.8515561301348,27.30708099728124,18.18909221874484,8.075850870349523,60.96974251526159,27.52391810370083,1
89.11431136980711,21.494037859075675,40.4140321651033,51.80787662388154,14.442864709118117,7.609995388680323,69.96395696221217,70.94388646339748,0
52.77011090862999,3.1183135061284672,32.70331615632387,29.872557358877305,10.667732575307252,4.459195346717214,83.81549749886426,27.149200254271133,0
99.29647961193004,26.22640442998251,66.75933855635847,94.06792451153404,17.3993831929537,1.2267407256330642,80.28109348245005,90.42432914075651,1
7.379656473539886,59.507793070025485,80.78459419412586,25.929675886577375,2.6130468764692583,8.550975949462096,96.09201469288247,37.47219705073764,1
55.38542844013208,5.1425813484250344,76.22851347766158,42.96568127389351,15.8101958854977,1.1027618510866626,53.59350788521182,54.98685627762052,1
96.9302535619099,49.636624720123635,79.78136488586345,87.27302504846018,2.496416279336966,7.333298016661459,48.84956326599054,5.0573103824228856,1
52.30978441701488,59.68428489168892,43.5583314812933,84.19335667918087,15.884213250988108,9.732313987534514,40.18871998907301,42.61212379522308,1
62.93986381352625,33.424389081696084,81.78342161750216,18.610141784627732,5.515351365027139,4.938951953333831,15.369104284420454,83.2363539660995,0
69.57486889846172,77.09122037458219,12.020905537060845,80.26433097957104,17.541811620363777,3.114760644963575,57.26072328820224,80.56488053633419,1
45.454106476777326,10.65982531337718,54.448909796084955,45.81868867378927,18.880841876507958,7.343839090390436,27.70125243259788,22.431855885352626,0
62.75580800840635,7.513778173580876,0.575866049812157,48.29688720853552,2.9759193881023127,8.354153278140267,92.13075122129754,22.60790710105627,0
58.43143119231002,72.81887562036033,32.45858299002703,13.347997241594378,9.25351210130787,5.917872844700626,58.31908042770976,81.73053122132367,0
90.11580104909889,49.549131620619846,36.646153487139784,8.060151375712465,19.619747563253704,9.703317477305315,59.284018050811014,93.03984201693255,0
4.5446380341457875,68.84023964277361,39.61726916092554,72.79393069737652,9.668148719462932,1.46501849492165,35.492466087701004,9.536092127300355,1
28.096318959223034,43.48273386037462,69.54672066898621,49.646115235529976,17.270950450290904,5.543160384740753,5.198935197770749,45.005863942622526,0
95.04114840765587,24.640203323910683,38.85581012703457,43.68507026151796,11.774630442626396,7.466085525902951,3.174376537298862,33.745427896422896,0
89.02637838909163,81.91023176741997,44.86936226225306,72.95082286523967,7.506598158392038,8.76376424034261,42.33351441531975,87.06884554574394,0
45.56567527857129,79.94158789689793,23.754413087432745,76.55128989911097,5.715671110517404,2.6133005071701105,8.456537809723786,8.352491468001876,1
62.013259780153675,69.46964708544267,37.325179162934006,15.890816766935355,4.064461821721745,8.200031335873133,60.68469555401391,21.112594255803742,1
27.738118298113267,27.21451372299627,22.726962726315147,61.02251494776413,15.235963827553945,5.974363681466907,88.09730056396575,75.24683375864943,0
18.81211597237613,59.023066686908706,7.319592376844364,13.535408227768553,7.7308101364605575,4.568983137909669,88.29148165187222,5.129384898121558,1
46.36984049399822,36.09738969400268,60.34485933813779,75.13750860290457,10.225509244015022,2.185435257211842,65.90454101322324,49.25353807142893,1
35.33522280260528,9.158207332663416,66.82127985550163,65.69551562671396,9.846509600023639,8.787661830180213,21.1231831472931,44.210703467972,0
58.365611185087204,91.73135754622427,61.94903460096145,95.6614621083458,11.545580584662625,2.415458873617438,86.29968313588721,33.44011789887487,1
7.773463696498483,13.68186309189614,46.34940438005724,6.895801635642118,17.311542912491046,3.7880907328818934,88.60934353132082,39.457231531892376,0
97.43948076661665,95.02373538208025,37.978578017922985,5.705472115125431,19.61478687166859,3.610409787661932,19.66535849529587,52.99405869302329,0
98.62107444796028,44.600577295795574,86.33336495718252,28.218707469320016,8.151684171476338,8.842726307717689,73.74260857706773,16.136735838838312,0
